original order	sortedorder	FAM/HEX	Site	Ecozone	Lat	Long	species	sample
1	211	0.004282738359619	Dodowa	Decideous Forest	5.89816	-0.1012	S	Dod11
2	212	2.8120850443259	Dodowa	Decideous Forest	5.89816	-0.1012	S	Dod15
3	213	2.70522496709645	Dodowa	Decideous Forest	5.89816	-0.1012	S	Dod16
4	214	0.011718212661953	Dodowa	Decideous Forest	5.89816	-0.1012	S	Dod18
5	207	0.903570978297455	Dodowa	Decideous Forest	5.89816	-0.1012	S	Dod2
6	208	0.008352864228484	Dodowa	Decideous Forest	5.89816	-0.1012	S	Dod7
7	209	0.910586216087548	Dodowa	Decideous Forest	5.89816	-0.1012	S	Dod8
8	210	0.781442325917845	Dodowa	Decideous Forest	5.89816	-0.1012	S	Dod9
9	68	0.719037603741451	Dzorwulu	Coastal Savannah	5.60499	-0.20592	M	Dzo10
10	219	0.583460709261177	Dzorwulu	Coastal Savannah	5.60499	-0.20592	S	Dzo11
11	220	0.733027120025775	Dzorwulu	Coastal Savannah	5.60499	-0.20592	S	Dzo12
12	221	0.871190583964821	Dzorwulu	Coastal Savannah	5.60499	-0.20592	S	Dzo13
13	69	0.028618732846455	Dzorwulu	Coastal Savannah	5.60499	-0.20592	M	Dzo14
14	222	1.67021818154394	Dzorwulu	Coastal Savannah	5.60499	-0.20592	S	Dzo15
15	70	0.221002182342098	Dzorwulu	Coastal Savannah	5.60499	-0.20592	M	Dzo16
16	215	3.50729158543243	Dzorwulu	Coastal Savannah	5.60499	-0.20592	S	Dzo1
17	64	0.890328759097772	Dzorwulu	Coastal Savannah	5.60499	-0.20592	M	Dzo2
18	216	0.821455970003586	Dzorwulu	Coastal Savannah	5.60499	-0.20592	M	Dzo3
19	65	0.020618556701031	Dzorwulu	Coastal Savannah	5.60499	-0.20592	M	Dzo4
20	217	2.66564527406285	Dzorwulu	Coastal Savannah	5.60499	-0.20592	S	Dzo6
21	66	1.77063448953726	Dzorwulu	Coastal Savannah	5.60499	-0.20592	M	Dzo7
22	67	0.417205530963707	Dzorwulu	Coastal Savannah	5.60499	-0.20592	M	Dzo8
23	218	0.809025348804497	Dzorwulu	Coastal Savannah	5.60499	-0.20592	S	Dzo9
24	225	0.01714577964114	Enchi	Rainforest	5.8232	-2.822917	S	Enc10
25	74	0.01339598346398	Enchi	Rainforest	5.8232	-2.822917	M	Enc12
26	226	0.536099928289112	Enchi	Rainforest	5.8232	-2.822917	S	Enc14
27	227	0.01824019737576	Enchi	Rainforest	5.8232	-2.822917	S	Enc16
28	75	0.067466487753354	Enchi	Rainforest	5.8232	-2.822917	M	Enc17
29	228	0.081368503756465	Enchi	Rainforest	5.8232	-2.822917	S	Enc18
30	76	0.021205937266822	Enchi	Rainforest	5.8232	-2.822917	M	Enc19
31	77	0.049833188991327	Enchi	Rainforest	5.8232	-2.822917	M	Enc20
32	78	0.059421401824947	Enchi	Rainforest	5.8232	-2.822917	M	Enc21
33	79	0.091529109043178	Enchi	Rainforest	5.8232	-2.822917	M	Enc22
34	223	0.017781745969488	Enchi	Rainforest	5.8232	-2.822917	S	Enc2
35	71	0.01054272827899	Enchi	Rainforest	5.8232	-2.822917	M	Enc3
36	224	0.017723999998558	Enchi	Rainforest	5.8232	-2.822917	S	Enc4
37	72	0.011154759869944	Enchi	Rainforest	5.8232	-2.822917	M	Enc7
38	73	0.014756750475952	Enchi	Rainforest	5.8232	-2.822917	M	Enc9
39	229	0.01003914517428	Half-Assini	Coastal Savannah	5.05133	-2.88328	S	HA2
40	230	0.02092500818942	Half-Assini	Coastal Savannah	5.05133	-2.88328	S	HA4
41	231	0.012098071310146	Half-Assini	Coastal Savannah	5.05133	-2.88328	S	HA5
42	232	0.013221420103567	Half-Assini	Coastal Savannah	5.05133	-2.88328	S	HA6
43	233	0.012682984695391	Half-Assini	Coastal Savannah	5.05133	-2.88328	S	HA7
44	234	0.045410468879672	Half-Assini	Coastal Savannah	5.05133	-2.88328	S	HA9
45	235	0.005309031285302	Koforidua	Decideous Forest	6.15469	-0.27029	S	Kof10
46	236	0.011843405940871	Koforidua	Decideous Forest	6.15469	-0.27029	S	Kof12
47	237	0.768984180698821	Koforidua	Decideous Forest	6.15469	-0.27029	S	Kof16
48	238	0.798173125527476	Koforidua	Decideous Forest	6.15469	-0.27029	S	Kof18
49	239	0.870878432821359	Koforidua	Decideous Forest	6.15469	-0.27029	S	Kof19
50	240	0.005095672675877	Koforidua	Decideous Forest	6.15469	-0.27029	S	Kof20
51	241	0.010615947453166	Koforidua	Decideous Forest	6.15469	-0.27029	S	Kof21
52	242	0.968612565654732	Koforidua	Decideous Forest	6.15469	-0.27029	S	Kof23
53	92	0.933331971288086	Mamprobi	Coastal Savannah	5.541	-0.2377	M	Mam10
54	93	0.559254662712669	Mamprobi	Coastal Savannah	5.541	-0.2377	M	Mam15
55	94	0.341846646726965	Mamprobi	Coastal Savannah	5.541	-0.2377	M	Mam16
56	88	0.427840748601296	Mamprobi	Coastal Savannah	5.541	-0.2377	M	Mam2
57	89	0.483450858587272	Mamprobi	Coastal Savannah	5.541	-0.2377	M	Mam4
58	90	0.361869882947691	Mamprobi	Coastal Savannah	5.541	-0.2377	M	Mam6
59	91	0.396108355988019	Mamprobi	Coastal Savannah	5.541	-0.2377	M	Mam9
60	100	0.015710579781244	Mankessim	Coastal Savannah	5.28066	-1.01755	M	Man10
61	101	0.012651486713726	Mankessim	Coastal Savannah	5.28066	-1.01755	M	Man12
62	95	0.011836693219754	Mankessim	Coastal Savannah	5.28066	-1.01755	M	Man4
63	96	0.011761115174733	Mankessim	Coastal Savannah	5.28066	-1.01755	M	Man5
64	97	0.014532751309243	Mankessim	Coastal Savannah	5.28066	-1.01755	M	Man6
65	98	0.696603314107612	Mankessim	Coastal Savannah	5.28066	-1.01755	M	Man7
66	99	0.015786061316224	Mankessim	Coastal Savannah	5.28066	-1.01755	M	Man9
67	271	0.012541926542538	Nkwanta	Rainforest	5.4156	-2.37107	S	Nkw1
68	272	0.012834096615928	Nkwanta	Rainforest	5.4156	-2.37107	S	Nkw2
69	273	0.01650425961252	Nkwanta	Rainforest	5.4156	-2.37107	S	Nkw3
70	274	0.025365025500139	Nkwanta	Rainforest	5.4156	-2.37107	S	Nkw4
71	275	0.01273102317829	Nkwanta	Rainforest	5.4156	-2.37107	S	Nkw5
72	276	0.012784009524522	Nkwanta	Rainforest	5.4156	-2.37107	S	Nkw6
73	277	0.012829198086192	Nkwanta	Rainforest	5.4156	-2.37107	S	Nkw7
74	278	0.014636714650887	Nkwanta	Rainforest	5.4156	-2.37107	S	Nkw8
75	284	0.014247693179933	Nsawan	Decideous Forest	5.81674	-0.3539	S	Nsa10
76	285	0.77584232586396	Nsawan	Decideous Forest	5.81674	-0.3539	S	Nsa11
77	286	0.862409293210605	Nsawan	Decideous Forest	5.81674	-0.3539	S	Nsa12
78	118	0.028992910915879	Nsawan	Decideous Forest	5.81674	-0.3539	M	Nsa13
79	119	0.417350366589271	Nsawan	Decideous Forest	5.81674	-0.3539	M	Nsa15
80	120	0.015244905014461	Nsawan	Decideous Forest	5.81674	-0.3539	M	Nsa16
81	121	1.69240990130469	Nsawan	Decideous Forest	5.81674	-0.3539	M	Nsa17
82	122	3.31524453084967	Nsawan	Decideous Forest	5.81674	-0.3539	M	Nsa18
83	115	0.014693950769087	Nsawan	Decideous Forest	5.81674	-0.3539	M	Nsa1
84	279	0.012914220615417	Nsawan	Decideous Forest	5.81674	-0.3539	S	Nsa2
85	116	0.012501891819678	Nsawan	Decideous Forest	5.81674	-0.3539	M	Nsa3
86	280	0.011250753323086	Nsawan	Decideous Forest	5.81674	-0.3539	S	Nsa4
87	281	0.716684133565857	Nsawan	Decideous Forest	5.81674	-0.3539	S	Nsa5
88	282	0.012594809448955	Nsawan	Decideous Forest	5.81674	-0.3539	S	Nsa6
89	117	0.015411869095901	Nsawan	Decideous Forest	5.81674	-0.3539	M	Nsa8
90	283	0.817343993660929	Nsawan	Decideous Forest	5.81674	-0.3539	S	Nsa9
91	4	0.324618806086617	Ada Foah	Mangrove swamp	5.8035	0.6641	M	AdF10
92	5	0.710305407383021	Ada Foah	Mangrove swamp	5.8035	0.6641	M	AdF11
93	6	3.2098502502869	Ada Foah	Mangrove swamp	5.8035	0.6641	M	AdF17
94	7	0.026614369014448	Ada Foah	Mangrove swamp	5.8035	0.6641	M	AdF19
95	1	0.471738955657783	Ada Foah	Mangrove swamp	5.8035	0.6641	M	AdF1
96	2	0.917585845202606	Ada Foah	Mangrove swamp	5.8035	0.6641	M	AdF3
97	3	0.967173322021771	Ada Foah	Mangrove swamp	5.8035	0.6641	M	AdF7
98	11	0.011720520891409	Assin Foso	Decideous Forest	5.6936	-1.2733	M	AF11
99	167	1	Assin Foso	Decideous Forest	5.6936	-1.2733	S	AF17
100	12	1	Assin Foso	Decideous Forest	5.6936	-1.2733	M	AF19
101	13	1	Assin Foso	Decideous Forest	5.6936	-1.2733	M	AF22
102	168	1	Assin Foso	Decideous Forest	5.6936	-1.2733	S	AF23
103	169	1	Assin Foso	Decideous Forest	5.6936	-1.2733	S	AF24
104	14	1	Assin Foso	Decideous Forest	5.6936	-1.2733	M	AF26
105	162	0.869652451463894	Assin Foso	Decideous Forest	5.6936	-1.2733	S	AF2
106	163	14.7089148606226	Assin Foso	Decideous Forest	5.6936	-1.2733	S	AF3
107	164	0.015585304187956	Assin Foso	Decideous Forest	5.6936	-1.2733	S	AF4
108	165	0.880840358817584	Assin Foso	Decideous Forest	5.6936	-1.2733	S	AF5
109	8	0.010992876478056	Assin Foso	Decideous Forest	5.6936	-1.2733	M	AF6
110	166	0.78005012018079	Assin Foso	Decideous Forest	5.6936	-1.2733	S	AF7
111	9	0.424301778965803	Assin Foso	Decideous Forest	5.6936	-1.2733	M	AF8
112	10	0.014639491911045	Assin Foso	Decideous Forest	5.6936	-1.2733	M	AF9
113	172	0.810487220197997	Agona Dunkwa	Decideous Forest	5.6338	-0.72805	S	AgD34
114	173	0.350590794849175	Agona Dunkwa	Decideous Forest	5.6338	-0.72805	S	AgD37
115	170	1.54824458058435	Agona Dunkwa	Decideous Forest	5.6338	-0.72805	S	AgD4
116	171	13.7382590913132	Agona Dunkwa	Decideous Forest	5.6338	-0.72805	S	AgD5
117	174	0.383374685442479	Akatsi	Coastal Savannah	6.13605	0.80506	S	Aka10
118	175	5.82940235687697	Akatsi	Coastal Savannah	6.13605	0.80506	S	Aka15
119	176	5.74052978485263	Akatsi	Coastal Savannah	6.13605	0.80506	S	Aka20
120	177	0.082059527928735	Akatsi	Coastal Savannah	6.13605	0.80506	S	Aka22
121	178	0.213332396314044	Akatsi	Coastal Savannah	6.13605	0.80506	S	Aka23
122	19	1.40541813063861	Anloga	Mangrove swamp	5.7863	0.86514	M	Anl11
123	20	1.5545752375386	Anloga	Mangrove swamp	5.7863	0.86514	M	Anl17
124	23	0.011082182020246	Asankrangwa	Rainforest	5.80269	-2.43342	M	Asa11
125	24	0.016594447704639	Asankrangwa	Rainforest	5.80269	-2.43342	M	Asa12
126	25	0.008898280738827	Asankrangwa	Rainforest	5.80269	-2.43342	M	Asa14
127	21	0.01498559794434	Asankrangwa	Rainforest	5.80269	-2.43342	M	Asa5
128	22	0.012433153769784	Asankrangwa	Rainforest	5.80269	-2.43342	M	Asa9
129	29	0.349879316829601	Ashaiman	Coastal Savannah	5.6953	-0.05237	M	Ash12
130	30	0.8073460096327	Ashaiman	Coastal Savannah	5.6953	-0.05237	M	Ash13
131	31	2.67702861735411	Ashaiman	Coastal Savannah	5.6953	-0.05237	M	Ash26
132	26	0.824969002896918	Ashaiman	Coastal Savannah	5.6953	-0.05237	M	Ash6
133	27	0.305277885176181	Ashaiman	Coastal Savannah	5.6953	-0.05237	M	Ash8
134	28	1.07370567301872	Ashaiman	Coastal Savannah	5.6953	-0.05237	M	Ash9
135	190	1.08533049660385	Asikumah	Decideous Forest	5.58017	-0.9961	S	Asi11
136	191	0.018349391970283	Asikumah	Decideous Forest	5.58017	-0.9961	M	Asi13
137	184	13.9682661250042	Asikumah	Decideous Forest	5.58017	-0.9961	S	Asi2
138	185	0.012768835456504	Asikumah	Decideous Forest	5.58017	-0.9961	S	Asi3
139	186	0.780988543486644	Asikumah	Decideous Forest	5.58017	-0.9961	S	Asi4
140	187	9.56896260478473	Asikumah	Decideous Forest	5.58017	-0.9961	S	Asi5
141	188	0.016592764710375	Asikumah	Decideous Forest	5.58017	-0.9961	S	Asi7
142	189	1.02842692235523	Asikumah	Decideous Forest	5.58017	-0.9961	S	Asi9
143	43	0.016372993254893	Axim	Rainforest	4.86384	-2.23924	M	Axi13
144	44	0.013626549909396	Axim	Rainforest	4.86384	-2.23924	M	Axi14
145	45	0.01794721537065	Axim	Rainforest	4.86384	-2.23924	M	Axi15
146	46	0.012507114528092	Axim	Rainforest	4.86384	-2.23924	M	Axi16
147	39	0.0155906200197	Axim	Rainforest	4.86384	-2.23924	M	Axi1
148	40	0.01502100252566	Axim	Rainforest	4.86384	-2.23924	M	Axi2
149	41	0.015885784612	Axim	Rainforest	4.86384	-2.23924	M	Axi3
150	42	0.049063850023376	Axim	Rainforest	4.86384	-2.23924	M	Axi4
151	54	0.020112405361952	Bogoso	Rainforest	5.56853	-2.0026	M	Bog10
152	55	0.016690791384045	Bogoso	Rainforest	5.56853	-2.0026	M	Bog11
153	202	1.90159958144249	Bogoso	Rainforest	5.56853	-2.0026	S	Bog12
154	203	2.78493874055858	Bogoso	Rainforest	5.56853	-2.0026	S	Bog13
155	56	0.070261872029867	Bogoso	Rainforest	5.56853	-2.0026	M	Bog14
156	204	1.02101673851064	Bogoso	Rainforest	5.56853	-2.0026	S	Bog15
157	57	0.017911090340277	Bogoso	Rainforest	5.56853	-2.0026	M	Bog16
158	58	0.009700373994643	Bogoso	Rainforest	5.56853	-2.0026	M	Bog18
159	51	0.012777472461829	Bogoso	Rainforest	5.56853	-2.0026	M	Bog1
160	205	0.007374523889981	Bogoso	Rainforest	5.56853	-2.0026	M	Bog23
161	206	3.82033358937781	Bogoso	Rainforest	5.56853	-2.0026	S	Bog25
162	52	0.018695969749151	Bogoso	Rainforest	5.56853	-2.0026	S	Bog2
163	199	0.038381322814741	Bogoso	Rainforest	5.56853	-2.0026	S	Bog5
164	200	1.23226629077307	Bogoso	Rainforest	5.56853	-2.0026	S	Bog6
165	201	0.008804830269846	Bogoso	Rainforest	5.56853	-2.0026	S	Bog8
166	53	0.077138353340609	Bogoso	Rainforest	5.56853	-2.0026	M	Bog9
167	290	115.830788045555	Obuasi	Deciduous forest	6.1986	-1.6569	S	OBP1-4
168	291	120.102029810501	Obuasi	Deciduous forest	6.1986	-1.6569	S	OBP1-5
169	292	214.167175989086	Obuasi	Deciduous forest	6.1986	-1.6569	S	OBP1-6
170	293	131.465563114644	Obuasi	Deciduous forest	6.1986	-1.6569	S	OBP1-9
171	294	34.5129423985141	Obuasi	Deciduous forest	6.1986	-1.6569	S	OBP1-10
172	295	109.354117963187	Obuasi	Deciduous forest	6.1986	-1.6569	S	OBP1-12
173	296	7.02100107028258	Obuasi	Deciduous forest	6.1986	-1.6569	S	OBP1-13
174	297	36.3268920039461	Obuasi	Deciduous forest	6.1986	-1.6569	S	OBP1-14
175	298	126.231970364813	Obuasi	Deciduous forest	6.1986	-1.6569	S	OBP1-16
176	299	97.8612574796821	Obuasi	Deciduous forest	6.1986	-1.6569	S	OBP1-18
177	300	6.73577610313625	Obuasi	Deciduous forest	6.1986	-1.6569	S	OBP1-19
178	301	26.4363688880201	Obuasi	Deciduous forest	6.1986	-1.6569	S	OBP1-20
179	179	0.064311128465245	Anhiankwanta	Deciduous forest	6.4642	-1.6436	S	AnB-1
180	15	0.07442778803119	Anhiankwanta	Deciduous forest	6.4642	-1.6436	M	AnB-3
181	180	160.554560901819	Anhiankwanta	Deciduous forest	6.4642	-1.6436	S	AnB-4
182	138	0.015022196191369	Tarkwa	Rainforest	5.31382	-1.99232	M	Tar6
183	16	0.064295787497861	Anhiankwanta	Deciduous forest	6.4642	-1.6436	M	AnB-5
184	181	114.558927914191	Anhiankwanta	Deciduous forest	6.4642	-1.6436	S	AnB-7
185	17	0.058990672930942	Anhiankwanta	Deciduous forest	6.4642	-1.6436	M	AnB-8
186	18	0.064448613450304	Anhiankwanta	Deciduous forest	6.4642	-1.6436	M	AnB-10
187	182	8.51416615910722	Anhiankwanta	Deciduous forest	6.4642	-1.6436	S	AnB-12
188	139	0.021370426406246	Tarkwa	Rainforest	5.31382	-1.99232	M	Tar7
189	183	0.083494606054526	Anhiankwanta	Deciduous forest	6.4642	-1.6436	S	AnB-16
190	32	0.077585109149351	Asokwa	Deciduous forest	6.2464	-1.5041	M	Aso56
191	33	0.081797275863686	Asokwa	Deciduous forest	6.2464	-1.5041	M	Aso65
192	34	0.05629670873585	Asokwa	Deciduous forest	6.2464	-1.5041	M	Aso66
193	35	0.08697285153778	Asokwa	Deciduous forest	6.2464	-1.5041	M	Aso79
194	36	0.495889113630306	Asokwa	Deciduous forest	6.2464	-1.5041	M	Aso82
195	37	0.086916546747463	Asokwa	Deciduous forest	6.2464	-1.5041	M	Aso84
196	38	0.076175348714239	Asokwa	Deciduous forest	6.2464	-1.5041	M	Aso87
197	140	0.0129314031663	Tarkwa	Rainforest	5.31382	-1.99232	M	Tar8
198	192	6.25930677457458	Asokwa	Deciduous forest	6.2464	-1.5041	S	Aso49
199	193	7.14124404661019	Asokwa	Deciduous forest	6.2464	-1.5041	S	Aso50
200	194	28.0944307961468	Asokwa	Deciduous forest	6.2464	-1.5041	S	Aso51
201	195	6.20774758167712	Asokwa	Deciduous forest	6.2464	-1.5041	S	Aso52
202	196	6.8306286659999	Asokwa	Deciduous forest	6.2464	-1.5041	S	Aso54
203	197	0.630183947831956	Asokwa	Deciduous forest	6.2464	-1.5041	S	Aso55
204	198	32.1204820039819	Asokwa	Deciduous forest	6.2464	-1.5041	S	Aso57
205	47	7.32731881411856	Bantama-Kumasi	Deciduous forest	6.7066	-1.6299	M	Ban49
206	48	3.17455628045632	Bantama-Kumasi	Deciduous forest	6.7066	-1.6299	M	Ban50
207	141	0.01171273120177	Tarkwa	Rainforest	5.31382	-1.99232	M	Tar10
208	49	6.57532386830747	Bantama-Kumasi	Deciduous forest	6.7066	-1.6299	M	Ban51
209	50	8.97804634912799	Bantama-Kumasi	Deciduous forest	6.7066	-1.6299	M	Ban53
210	59	0.076102810625148	Dunkwa-on-Offin	Deciduous forest	5.9569	-1.7777	M	DoM2
211	60	0.074050954366622	Dunkwa-on-Offin	Deciduous forest	5.9569	-1.7777	M	DoM3
212	61	0.078556488195306	Dunkwa-on-Offin	Deciduous forest	5.9569	-1.7777	M	DoM4
213	142	0.00879233552126	Tarkwa	Rainforest	5.31382	-1.99232	M	Tar11
214	62	0.096270337378587	Dunkwa-on-Offin	Deciduous forest	5.9569	-1.7777	M	DoM5
215	63	0.075767679113291	Dunkwa-on-Offin	Deciduous forest	5.9569	-1.7777	M	DoM9
216	102	0.065822721865034	Manso-Nkwanta	Deciduous forest	6.4615	-1.8929	M	MNk49
217	103	0.11901472923343	Manso-Nkwanta	Deciduous forest	6.4615	-1.8929	M	MNk50
218	104	0.079390591410489	Manso-Nkwanta	Deciduous forest	6.4615	-1.8929	M	MNk51
219	105	0.08351248581004	Manso-Nkwanta	Deciduous forest	6.4615	-1.8929	M	MNk52
220	106	0.072363805432285	Manso-Nkwanta	Deciduous forest	6.4615	-1.8929	M	MNk54
221	107	0.072363805432285	Manso-Nkwanta	Deciduous forest	6.4615	-1.8929	M	MNk55
222	108	0.291885264828097	Manso-Nkwanta	Deciduous forest	6.4615	-1.8929	M	MNk56
223	109	0.092798370245494	New-Edubiase	Deciduous forest	6.0597	-1.3937	M	NeA-11
224	110	0.072264197643442	New-Edubiase	Deciduous forest	6.0597	-1.3937	M	NeA-12
225	111	0.072294874464197	New-Edubiase	Deciduous forest	6.0597	-1.3937	M	NeA-16
226	112	2.41618896096421	New-Edubiase	Deciduous forest	6.0597	-1.3937	M	NeA-17
227	113	0.085857832319622	New-Edubiase	Deciduous forest	6.0597	-1.3937	M	NeA-20
228	114	0.571251761416277	New-Edubiase	Deciduous forest	6.0597	-1.3937	M	NeA-23
229	129	0.640488107655759	Takoradi	Coastal Savannah	4.91081	-1.75443	M	Tak1
230	262	0.064248416819686	New-Edubiase	Deciduous forest	6.0597	-1.3937	S	NeA-4
231	263	0.083994369974778	New-Edubiase	Deciduous forest	6.0597	-1.3937	S	NeA-5
232	264	0.064665323811009	New-Edubiase	Deciduous forest	6.0597	-1.3937	S	NeA-6
233	265	7.06277074286443	New-Edubiase	Deciduous forest	6.0597	-1.3937	S	NeA-9
234	266	98.6947461834848	New-Edubiase	Deciduous forest	6.0597	-1.3937	S	NeA-13
235	267	144.680783432333	New-Edubiase	Deciduous forest	6.0597	-1.3937	S	NeA-14
236	268	111.677551738289	New-Edubiase	Deciduous forest	6.0597	-1.3937	S	NeA-15
237	269	6.97419426354883	New-Edubiase	Deciduous forest	6.0597	-1.3937	S	NeA-18
238	270	0.075203162669363	New-Edubiase	Deciduous forest	6.0597	-1.3937	S	NeA-19
239	130	0.308524526555531	Takoradi	Coastal Savannah	4.91081	-1.75443	M	Tak2
240	128	0.012362169216828	Shama	Mangrove swamp	5.01183	-1.62848	M	Sha16
241	83	0.013635803289205	Komenda	Mangrove swamp	5.0557	-1.4944	M	Kom6
242	84	0.01391785153331	Komenda	Mangrove swamp	5.0557	-1.4944	M	Kom7
243	131	0.466790900667134	Takoradi	Coastal Savannah	4.91081	-1.75443	M	Tak3
244	302	0.010500439581075	Suhum	Decideous Forest	6.03496	-0.457608	S	Suh2
245	132	0.012891759326515	Takoradi	Coastal Savannah	4.91081	-1.75443	M	Tak4
246	133	0.012111185381475	Takoradi	Coastal Savannah	4.91081	-1.75443	M	Tak5
247	134	0.45520596924315	Takoradi	Coastal Savannah	4.91081	-1.75443	M	Tak6
248	135	0.010741040069107	Takoradi	Coastal Savannah	4.91081	-1.75443	M	Tak7
249	136	0.011491875512309	Takoradi	Coastal Savannah	4.91081	-1.75443	M	Tak8
250	151	0.965830194850342	Tuba	Coastal Savannah	5.5131	-0.3867	M	Tub1
251	152	0.533475790837244	Tuba	Coastal Savannah	5.5131	-0.3867	M	Tub2
252	309	0.011538277155826	Tuba	Coastal Savannah	5.5131	-0.3867	S	Tub3
253	153	0.314122747812449	Tuba	Coastal Savannah	5.5131	-0.3867	M	Tub5
254	303	0.007894522264035	Suhum	Decideous Forest	6.03496	-0.457608	S	Suh5
255	310	0.149181710566165	Tuba	Coastal Savannah	5.5131	-0.3867	S	Tub6
256	154	0.019098019863756	Tuba	Coastal Savannah	5.5131	-0.3867	M	Tub7
257	155	0.487230461966083	Tuba	Coastal Savannah	5.5131	-0.3867	M	Tub8
258	311	0.019555277582253	Tuba	Coastal Savannah	5.5131	-0.3867	S	Tub11
259	312	0.626855351662792	Tuba	Coastal Savannah	5.5131	-0.3867	S	Tub12
260	156	0.375135322392067	Tuba	Coastal Savannah	5.5131	-0.3867	M	Tub14
261	157	0.038497210347076	Tuba	Coastal Savannah	5.5131	-0.3867	M	Tub15
262	304	0.978737520458764	Suhum	Decideous Forest	6.03496	-0.457608	S	Suh7
263	313	0.914987397828186	Tuba	Coastal Savannah	5.5131	-0.3867	S	Tub17
264	143	0.011126097040046	Twifo Praso	Rainforest	5.6076	-1.5458	M	TP4
265	144	0.014500143128546	Twifo Praso	Rainforest	5.6076	-1.5458	M	TP5
266	145	0.013274580490612	Twifo Praso	Rainforest	5.6076	-1.5458	M	TP6
267	146	0.016062910260254	Twifo Praso	Rainforest	5.6076	-1.5458	M	TP7
268	147	0.015730065358337	Twifo Praso	Rainforest	5.6076	-1.5458	M	TP9
269	148	0.015401607306703	Twifo Praso	Rainforest	5.6076	-1.5458	M	TP10
270	149	0.013146666666667	Twifo Praso	Rainforest	5.6076	-1.5458	M	TP11
271	150	0.011194814810462	Twifo Praso	Rainforest	5.6076	-1.5458	M	TP15
272	314	0.023038010572378	Wassa Essaman	Rainforest	5.350084	-1.678	S	WE1
273	305	0.008000803935472	Suhum	Decideous Forest	6.03496	-0.457608	S	Suh11
274	158	0.012929918710795	Wassa Essaman	Rainforest	5.350084	-1.678	M	WE6
275	315	0.02483660130719	Wassa Essaman	Rainforest	5.350084	-1.678	S	WE7
276	316	0.815910385068481	Wassa Essaman	Rainforest	5.350084	-1.678	S	WE8
277	317	0.008653701362351	Wassa Essaman	Rainforest	5.350084	-1.678	S	WE9
278	318	0.008130269654973	Wassa Essaman	Rainforest	5.350084	-1.678	M	WE11
279	159	0.057422824821486	Wassa Essaman	Rainforest	5.350084	-1.678	M	WE19
280	306	1.34812755986214	Suhum	Decideous Forest	6.03496	-0.457608	S	Suh12
281	160	0.034657332166521	Wassa Essaman	Rainforest	5.350084	-1.678	M	WE27
282	161	0.052491187507107	Wassa Essaman	Rainforest	5.350084	-1.678	M	WE28
283	243	12.6009241256056	Madina	Coastal Savannah	5.6697	-0.1672	S	Mad49
284	244	0.176247182951409	Madina	Coastal Savannah	5.6697	-0.1672	S	Mad50
285	245	0.532734886638549	Madina	Coastal Savannah	5.6697	-0.1672	S	Mad53
286	246	0.032193738307279	Madina	Coastal Savannah	5.6697	-0.1672	S	Mad54
287	307	0.01017187538167	Suhum	Decideous Forest	6.03496	-0.457608	S	Suh18
288	247	0.01044708833185	Madina	Coastal Savannah	5.6697	-0.1672	S	Mad55
289	248	0.008327215680508	Madina	Coastal Savannah	5.6697	-0.1672	S	Mad56
290	249	0.226082914496109	Madina	Coastal Savannah	5.6697	-0.1672	S	Mad57
291	250	0.008786130294221	Madina	Coastal Savannah	5.6697	-0.1672	S	Mad58
292	251	0.032639443339575	Madina	Coastal Savannah	5.6697	-0.1672	S	Mad59
293	252	0.224401300762028	Madina	Coastal Savannah	5.6697	-0.1672	S	Mad60
294	253	0.052171570175507	Madina	Coastal Savannah	5.6697	-0.1672	S	Mad61
295	254	0.009864213345152	Madina	Coastal Savannah	5.6697	-0.1672	S	Mad62
296	255	0.044691847579417	Madina	Coastal Savannah	5.6697	-0.1672	S	Mad63
297	256	0.196178545583781	Madina	Coastal Savannah	5.6697	-0.1672	S	Mad64
298	308	0.009251374454766	Suhum	Decideous Forest	6.03496	-0.457608	S	Suh19
299	257	0.190307492373137	Madina	Coastal Savannah	5.6697	-0.1672	S	Mad65
300	258	0.044772601924348	Madina	Coastal Savannah	5.6697	-0.1672	S	Mad66
301	259	0.010939379097902	Madina	Coastal Savannah	5.6697	-0.1672	S	Mad67
302	260	0.238856488632722	Madina	Coastal Savannah	5.6697	-0.1672	S	Mad68
303	261	0.188757569776984	Madina	Coastal Savannah	5.6697	-0.1672	S	Mad69
304	123	0.011033969531969	Shama	Mangrove swamp	5.01183	-1.62848	M	Sha2
305	124	0.016446575400835	Shama	Mangrove swamp	5.01183	-1.62848	M	Sha3
306	125	0.013017330087539	Shama	Mangrove swamp	5.01183	-1.62848	M	Sha4
307	126	0.013197883251047	Shama	Mangrove swamp	5.01183	-1.62848	M	Sha6
308	127	0.017159134675572	Shama	Mangrove swamp	5.01183	-1.62848	M	Sha14
309	80	0.366789218556073	Komenda	Mangrove swamp	5.0557	-1.4944	M	Kom2
310	81	0.010801773162764	Komenda	Mangrove swamp	5.0557	-1.4944	M	Kom3
311	82	0.009888002766205	Komenda	Mangrove swamp	5.0557	-1.4944	M	Kom4
312	85	0.011130150149059	Komenda	Mangrove swamp	5.0557	-1.4944	M	Kom12
313	86	0.012596000357868	Komenda	Mangrove swamp	5.0557	-1.4944	M	Kom13
314	87	0.012431659976194	Komenda	Mangrove swamp	5.0557	-1.4944	M	Kom14
315	287	30.1190604134625	Obuasi	Deciduous forest	6.1986	-1.6569	S	OBP1-1
316	288	34.8372140183239	Obuasi	Deciduous forest	6.1986	-1.6569	S	OBP1-2
317	289	141.695708343837	Obuasi	Deciduous forest	6.1986	-1.6569	S	OBP1-3
318	137	0.014634052769415	Tarkwa	Rainforest	5.31382	-1.99232	M	Tar2
